jupiterDistance	saturnDistance	time
6.466483792296298E11	1.4915003567432883E12	1.26144E8
