jupiterDistance	saturnDistance	time
4.521892264375585E8	1.7400411652130093E11	1.26144E8
3.927959329187674E8	1.2440625521574443E11	1.26144E8
3.358245596080052E8	6.886312614644032E10	1.26144E8
2.8163684714716846E8	6.62444813167441E9	1.26144E8
2.306466861612928E8	6.2798019384822495E10	1.26144E8
1.833211591845981E8	1.4064456689004697E11	1.26144E8
1.401788908782409E8	2.2709904896074615E11	1.26144E8
